Workbook

Sheet Instructions
A1: DAPE-MA – Admin Control Panel User Acceptance Test Scripts
A3: Project | B3: DAPE-MA
A4: Scope | B4: Admin Control Panel (web) — every item in the live left sidebar
A5: Document status | B5: Version 1.1 – for UAT execution against the admin portal (includes Audit Trail)
A6: Prepared by
A8: Modules covered | B8: Sign in / profile · Dashboard · Posts · Contests · IEC Materials · Rehab Centers · Care Toolkit · Care Checks · Care Support · Journal · Hope Directory · Hope Events · Notifications · Analytics · Users · Settings · Lookups · App Translations · Word Blocking · Audit Trail · role access
A9: Out of scope | B9: Trainings (/admin/trainings) is not in the current sidebar. Flutter end-user journeys are in the Phase 1 mobile scripts. Installer / database passwords, Code Snippets and plugin updates are not this system.
A11: How to use | B11: 1. Each role has its own sheet: Super Admin, Publisher, Editor, Analytics Viewer. Assign testers who match that role. 2. Execute scripts in order within a module; some depend on earlier steps (e.g. create a draft before submit). 3. Record what actually happened in Actual Result, then choose Pass / Fail / Blocked / Not Tested from the Status dropdown. 4. For every Fail, set a Severity (Critical / High / Medium / Low) and log the defect quoting the Script ID. 5. The Summary sheet updates automatically from the Status column of each script sheet. 6. Walk every screen on the Screen Checklist (desktop and ~375 px) before signing off.
A12: Severity guide | B12: Critical – crash, data loss, or core function unusable. High – major function wrong, no workaround. Medium – wrong but has a workaround. Low – cosmetic or wording.
A13: Acceptance guidance | B13: Recommended for acceptance when all scripts are executed, no Critical/High failures remain open, and remaining Medium/Low items are on an agreed punch list.
A15: Environment / URL | B15: Admin: /admin/login on the agreed UAT host. Use provisioned role accounts from the Test Users sheet. New passwords must include at least 8 characters, upper and lower case, a number, and a symbol. Demo seeded passwords may still work for login only (complexity is not applied to the current-password field).
A16: Related document | B16: DAPE-MA Administrator Manual (docs/DAPE-MA-ADMINISTRATOR-MANUAL.docx) — staff how-to for the same menus.

Sheet Summary
A1: Admin UAT – Results Summary
A3: User Type / Sheet | B3: Total Scripts | C3: Pass | D3: Fail | E3: Blocked | F3: Not Tested | G3: Pass Rate
A4: Super Admin | B4: =COUNTA('Super Admin'!A2:A85) -> 84 | C4: =COUNTIF('Super Admin'!J2:J85,"Pass") -> 0 | D4: =COUNTIF('Super Admin'!J2:J85,"Fail") -> 0 | E4: =COUNTIF('Super Admin'!J2:J85,"Blocked") -> 0 | F4: =B4-C4-D4-E4 -> 84 | G4: =IF(B4=0,0,C4/B4) -> 0
A5: Publisher | B5: =COUNTA(Publisher!A2:A12) -> 11 | C5: =COUNTIF(Publisher!J2:J12,"Pass") -> 4 | D5: =COUNTIF(Publisher!J2:J12,"Fail") -> 0 | E5: =COUNTIF(Publisher!J2:J12,"Blocked") -> 0 | F5: =B5-C5-D5-E5 -> 7 | G5: =IF(B5=0,0,C5/B5) -> 0.36363636
A6: Editor | B6: =COUNTA(Editor!A2:A10) -> 9 | C6: =COUNTIF(Editor!J2:J10,"Pass") -> 8 | D6: =COUNTIF(Editor!J2:J10,"Fail") -> 0 | E6: =COUNTIF(Editor!J2:J10,"Blocked") -> 0 | F6: =B6-C6-D6-E6 -> 1 | G6: =IF(B6=0,0,C6/B6) -> 0.88888889
A7: Analytics Viewer | B7: =COUNTA('Analytics Viewer'!A2:A7) -> 6 | C7: =COUNTIF('Analytics Viewer'!J2:J7,"Pass") -> 6 | D7: =COUNTIF('Analytics Viewer'!J2:J7,"Fail") -> 0 | E7: =COUNTIF('Analytics Viewer'!J2:J7,"Blocked") -> 0 | F7: =B7-C7-D7-E7 -> 0 | G7: =IF(B7=0,0,C7/B7) -> 1
A8: TOTAL | B8: =SUM(B4:B7) -> 110 | C8: =SUM(C4:C7) -> 18 | D8: =SUM(D4:D7) -> 0 | E8: =SUM(E4:E7) -> 0 | F8: =SUM(F4:F7) -> 92 | G8: =IF(B8=0,0,C8/B8) -> 0.16363636
A10: Exit criteria check
A11: All scripts executed (none Not Tested) | B11: =IF(F8=0,"MET","NOT MET") -> NOT MET
A12: No failed scripts outstanding | B12: =IF(D8=0,"MET","NOT MET") -> MET
A13: No blocked scripts outstanding | B13: =IF(E8=0,"MET","NOT MET") -> MET
A14: Screen Checklist has no blank Matches design? rows | B14: Complete manually
A16: Note: Critical/High failures must be zero for acceptance; Medium/Low failures may go on an agreed punch list. Record the final decision on the UAT Sign-Off / Acceptance Form.

Sheet Test Users
A1: User Type | B1: Sheet | C1: Account / Access | D1: Who should test | E1: Notes
A2: Super Admin | B2: Super Admin | C2: Provisioned Super Admin (full sidebar) | D2: Project Owner / MISD / records administrator | E2: Runs the full admin suite including Users, Analytics, Journal and Audit Trail. Create disposable UAT records then delete them.
A3: Publisher | B3: Publisher | C3: Provisioned Publisher account | D3: Content / program staff | E3: Content + care + hope + settings. Cannot open Users, Analytics, Journal or Audit Trail. Cannot create or archive/delete posts.
A4: Editor | B4: Editor | C4: Provisioned Editor account | D4: Content staff who only draft posts | E4: Posts only. Creates drafts and submits for review. Cannot publish, archive or delete.
A5: Analytics Viewer | B5: Analytics Viewer | C5: Provisioned Analytics Viewer account | D5: M&E / analytics staff | E5: Analytics only. Export CSV allowed. No content editing.
A6: App User (negative) | B6: Super Admin SA-011 | C6: Mobile app account — not an admin role | D6: Same tester as Super Admin | E6: Must be denied at /admin/login. Do not use this account on admin sheets except SA-011.
A8: Passwords for new/reset accounts must meet policy. Do not record live production passwords in this file.

Sheet Super Admin
A1: Script ID | B1: Module | C1: Ref | D1: Scenario | E1: Preconditions | F1: Test Steps | G1: Test Data | H1: Expected Result | I1: Actual Result | J1: Status | K1: Severity (if Fail) | L1: Tester | M1: Date | N1: Remarks
A2: SA-001 | B2: Sign in | C2: ADM-AUTH | D2: Open the admin sign-in page | E2: Browser; admin URL known; not signed in | F2: 1. Open /admin/login 2. Observe the Welcome back screen | G2: N/A | H2: Sign-in page loads without error. Email Address, Password, Forgot password? and Sign In are visible. Restricted admin area notice is shown.
A3: SA-002 | B3: Sign in | C3: ADM-AUTH | D3: Sign in with a valid Super Admin account | E3: Super Admin account exists | F3: 1. Enter Email Address 2. Enter Password 3. Click Sign In | G3: Provisioned Super Admin email and current password | H3: User lands on Dashboard. Left panel shows the name and Super Admin. All sidebar groups are visible (Overview through Administration).
A4: SA-003 | B4: Sign in | C4: ADM-AUTH | D4: Sign in with wrong password | E4: On /admin/login | F4: 1. Enter a valid email 2. Enter an incorrect password 3. Click Sign In | G4: Wrong password | H4: Sign-in is rejected with a clear message. No admin pages are shown. Password field is not emptied of the email.
A5: SA-004 | B5: Sign in | C5: ADM-AUTH | D5: Blank email or password | E5: On /admin/login | F5: 1. Leave Email Address blank and click Sign In 2. Enter email, leave Password blank, click Sign In | G5: Blank fields | H5: Submit is blocked; required-field messages appear. No session is created.
A6: SA-005 | B6: Forgot password | C6: ADM-AUTH | D6: Request a reset code | E6: On /admin/login; account email can receive mail | F6: 1. Click Forgot password? 2. Enter the account email 3. Click Send reset code | G6: Registered admin email | H6: Check your email step appears. A 6-digit code is sent from DAPE-MA. Back to Login returns to the sign-in form.
A7: SA-006 | B7: Forgot password | C7: ADM-AUTH | D7: Reset password with a valid new password | E7: Reset code received | F7: 1. Enter the 6-digit code 2. Enter New password and Confirm that meet the policy 3. Save 4. Sign in with the new password | G7: Code from email; new password e.g. Sample#2026Aa | H7: Password is updated. Sign-in with the new password succeeds. The old password no longer works.
A8: SA-007 | B8: Forgot password | C8: ADM-AUTH | D8: Weak or mismatched new password is rejected | E8: On Reset password step | F8: 1. Enter a short password (e.g. 12345678) 2. Try password without a symbol 3. Enter a valid password with a different confirmation | G8: Weak / mismatched passwords | H8: Each case is blocked. Hint is shown: at least 8 characters, upper and lower case, a number, a symbol. Password is not changed.
A9: SA-008 | B9: Profile | C9: ADM-AUTH | D9: Edit own name and photo | E9: Signed in as Super Admin | F9: 1. Click the account menu (top right) 2. Click Edit Profile 3. Change First Name / Last Name 4. Choose Photo (optional) 5. Click Save Changes | G9: Updated name; JPEG/PNG under 5 MB | H9: Toast confirms save. Sidebar and header show the new name/photo. Email and Role remain read-only.
A10: SA-009 | B10: Profile | C10: ADM-AUTH | D10: Change own password from Edit Profile | E10: On Edit Profile | F10: 1. Enter Current Password 2. Enter New Password and Confirm meeting the policy 3. Click Update Password 4. Sign Out and sign in with the new password | G10: Current password; new policy-compliant password | H10: Password updates. New password signs in. Reuse of the current password or last 5 passwords is rejected.
A11: SA-010 | B11: Profile | C11: ADM-AUTH | D11: Sign out | E11: Signed in | F11: 1. Open the account menu 2. Click Sign Out 3. Try to open /admin/dashboard | G11: N/A | H11: User returns to sign-in. Protected admin pages are not shown without signing in again.
A12: SA-011 | B12: Access | C12: ADM-AUTH | D12: Mobile app user cannot open admin | E12: An App User (mobile) account exists | F12: 1. Open /admin/login 2. Sign in with the app user email and password | G12: App user credentials | H12: Access is denied. No admin menus or data are shown.
A13: SA-012 | B13: Dashboard | C13: ADM-DASH | D13: Dashboard overview loads | E13: Signed in as Super Admin | F13: 1. Open Overview → Dashboard 2. Wait for counts to finish loading | G13: N/A | H13: Quick Actions, count cards (Posts, Rehab Centers, Contests, IEC, Translations, Notifications, Users, Journal), activity chart and recent activity display without error.
... A85: SA-084 | B85: Toasts / confirm | C85: ADM-UX | D85: Success uses toast; delete uses confirmation | E85: Any module with Delete (e.g. Word Blocking or Posts) | F85: 1. Perform a successful save 2. Start a Delete and click Cancel 3. Delete and Confirm | G85: N/A | H85: Success/error appear as corner toasts, not a second success/error modal. Delete always has Cancel + confirm. Cancel leaves the record.

Sheet Publisher
A1: Script ID | B1: Module | C1: Ref | D1: Scenario | E1: Preconditions | F1: Test Steps | G1: Test Data | H1: Expected Result | I1: Actual Result | J1: Status | K1: Severity (if Fail) | L1: Tester | M1: Date | N1: Remarks
A2: PB-001 | B2: Sign in | C2: ADM-ACCESS | D2: Publisher signs in | E2: Publisher account exists | F2: 1. Open /admin/login 2. Sign in as Publisher | G2: Publisher email/password | H2: Dashboard (or first allowed page) loads. Signed in as Publisher. | J2: Pass
A3: PB-002 | B3: Access | C3: ADM-ACCESS | D3: Publisher sidebar shows allowed menus only | E3: Signed in as Publisher | F3: 1. Scan the left menu 2. Confirm Users, Analytics, Journal and Audit Trail are absent | G3: N/A | H3: Visible: Posts, Contests, IEC, Rehab Centers, Care Toolkit, Care Checks, Care Support, Hope Directory, Hope Events, Notifications, Settings, Lookups, App Translations, Word Blocking. Not visible: Users, Analytics, Journal, Audit Trail. | J3: Pass
A4: PB-003 | B4: Access | C4: ADM-ACCESS | D4: Publisher is blocked from Users / Analytics / Journal / Audit Trail URLs | E4: Signed in as Publisher | F4: 1. Open /admin/users 2. Open /admin/analytics 3. Open /admin/diary 4. Open /admin/audit-trail | G4: Direct URLs | H4: Each page is refused (redirect or permission message). No user list, analytics data, journal entries, or audit events are shown. | J4: Pass
A5: PB-004 | B5: Posts | C5: ADM-POSTS | D5: Publisher cannot create a post | E5: On Posts as Publisher | F5: 1. Look for Create Post / Create Draft 2. Confirm it is hidden | G5: N/A | H5: Create Draft / Create Post is not available to Publisher. | J5: Pass
A6: PB-005 | B6: Posts | C6: ADM-POSTS | D6: Publisher publishes a pending post now | E6: A post is Pending review; signed in as Publisher | F6: 1. Open More actions on the pending post 2. Click Publish now | G6: Pending post | H6: Publish now is available. Status becomes Published. Toast confirms. Post can appear in the app.
A7: PB-006 | B7: Posts | C7: ADM-POSTS | D7: Publisher schedules and rejects | E7: Another pending post (or resubmit a draft via Editor) | F7: 1. Approve & Schedule with a future time on one post 2. Reject another pending post with review notes | G7: Future time; review notes | H7: Schedule sets Scheduled. Reject returns the post toward draft with notes. Editor can see it as not published.
A8: PB-007 | B8: Posts | C8: ADM-POSTS | D8: Publisher cannot archive or delete posts | E8: A published post | F8: 1. Open Actions / right-click 2. Look for Archive and Delete | G8: N/A | H8: Archive and Delete are not available to Publisher.
A9: PB-008 | B9: Directories | C9: ADM-REHAB | D9: Publisher can add a rehab center | E9: On Rehab Centers as Publisher | F9: 1. Add Rehab Center with name, PH address suggestion and map pin 2. Create | G9: UAT Publisher Rehab | H9: Create succeeds. Listing appears. Publisher can edit it.
A10: PB-009 | B10: Care / Hope / Reach | C10: ADM-SUPPORT | D10: Publisher can maintain Care Support, Hope, Notifications, Settings | E10: Publisher session | F10: 1. Open Care Support and confirm Add Resource 2. Open Hope Directory Add Organization 3. Open Notifications Send Notification (do not need to send if policy forbids; Cancel is enough to prove the dialog) 4. Open Settings legal tile | G10: N/A | H10: Add/edit dialogs open for Care Support, Hope Directory, Notifications and Settings. No permission error.
A11: PB-010 | B11: Lookups / i18n / words | C11: ADM-I18N | D11: Publisher can open Lookups, App Translations and Word Blocking | E11: Publisher session | F11: 1. Open Lookups 2. Open App Translations 3. Open Word Blocking | G11: N/A | H11: All three pages load with their Add buttons visible.
A12: PB-011 | B12: Sign out | C12: ADM-AUTH | D12: Publisher signs out | E12: Signed in as Publisher | F12: 1. Account menu → Sign Out | G12: N/A | H12: Returns to sign-in. Session ended.

Sheet Editor
A1: Script ID | B1: Module | C1: Ref | D1: Scenario | E1: Preconditions | F1: Test Steps | G1: Test Data | H1: Expected Result | I1: Actual Result | J1: Status | K1: Severity (if Fail) | L1: Tester | M1: Date | N1: Remarks
A2: ED-001 | B2: Sign in | C2: ADM-ACCESS | D2: Editor signs in | E2: Editor account exists | F2: 1. Open /admin/login 2. Sign in as Editor | G2: Editor email/password | H2: Admin loads. Signed in as Editor. | J2: Pass
A3: ED-002 | B3: Access | C3: ADM-ACCESS | D3: Editor sidebar is Posts only | E3: Signed in as Editor | F3: 1. Scan the left menu | G3: N/A | H3: Content → Posts is available. Contests, IEC, Rehab, Care, Hope, Reach, Users, Settings, Lookups, Translations, Word Blocking, Analytics, Journal, Audit Trail are not in the menu. | J3: Pass
A4: ED-003 | B4: Access | C4: ADM-ACCESS | D4: Editor is blocked from other admin URLs | E4: Editor session | F4: 1. Open /admin/users 2. Open /admin/contests 3. Open /admin/settings 4. Open /admin/audit-trail | G4: Direct URLs | H4: Access denied or redirected. No other module data (including audit events) is shown. | J4: Pass
A5: ED-004 | B5: Posts | C5: ADM-POSTS | D5: Editor creates a draft (not published) | E5: On Posts as Editor | F5: 1. Click Create Draft 2. Fill Title, Body, Category 3. Create Draft | G5: Title: UAT Editor Draft | H5: Button/dialog is Create Draft (not Create & Publish). Post is saved as Draft and is NOT visible in the mobile app. | J5: Pass
A6: ED-005 | B6: Posts | C6: ADM-POSTS | D6: Editor submits draft for review | E6: UAT Editor Draft exists | F6: 1. More actions → Submit | G6: Draft post | H6: Status becomes Pending review. Editor cannot Publish now. | J6: Pass
A7: ED-006 | B7: Posts | C7: ADM-POSTS | D7: Editor can edit a draft only | E7: A draft and a published post exist | F7: 1. Confirm Edit is available on the draft 2. Confirm Edit is not available on a published post | G7: Draft vs published | H7: Editor can edit drafts. Published posts are view-only for Editor. | J7: Pass
A8: ED-007 | B8: Posts | C8: ADM-POSTS | D8: Editor cannot publish, schedule, archive or delete | E8: Pending or published post | F8: 1. Open Actions / right-click on pending and published rows | G8: N/A | H8: Publish now, Approve & Schedule, Archive and Delete are not available to Editor. | J8: Pass
A9: ED-008 | B9: Posts | C9: ADM-POSTS | D9: Editor Review Insights is hidden | E9: On Posts as Editor | F9: 1. Look for Review Insights | G9: N/A | H9: Review Insights (analytics) is not shown to Editor. | J9: Pass
A10: ED-009 | B10: Sign out | C10: ADM-AUTH | D10: Editor signs out | E10: Editor session | F10: 1. Account menu → Sign Out | G10: N/A | H10: Returns to sign-in.

Sheet Analytics Viewer
A1: Script ID | B1: Module | C1: Ref | D1: Scenario | E1: Preconditions | F1: Test Steps | G1: Test Data | H1: Expected Result | I1: Actual Result | J1: Status | K1: Severity (if Fail) | L1: Tester | M1: Date | N1: Remarks
A2: AV-001 | B2: Sign in | C2: ADM-ACCESS | D2: Analytics Viewer signs in | E2: Analytics Viewer account exists | F2: 1. Open /admin/login 2. Sign in as Analytics Viewer | G2: Analytics Viewer email/password | H2: Admin loads. Signed in as Analytics Viewer. | J2: Pass
A3: AV-002 | B3: Access | C3: ADM-ACCESS | D3: Analytics Viewer sidebar is Analytics only | E3: Analytics Viewer session | F3: 1. Scan the left menu | G3: N/A | H3: Reach → Analytics is available. Posts, Users, Settings and other modules are not in the menu. | J3: Pass
A4: AV-003 | B4: Access | C4: ADM-ACCESS | D4: Analytics Viewer is blocked from Posts, Users and Audit Trail | E4: Analytics Viewer session | F4: 1. Open /admin/posts 2. Open /admin/users 3. Open /admin/audit-trail | G4: Direct URLs | H4: Access denied. No posts, user list, or audit events are shown. | J4: Pass
A5: AV-004 | B5: Analytics | C5: ADM-ANALYTICS | D5: Charts and cards load | E5: On Analytics | F5: 1. Wait for load 2. Switch 7 days and 30 days | G5: N/A | H5: Command center cards and charts populate. Range switch refreshes data. | J5: Pass
A6: AV-005 | B6: Analytics | C6: ADM-ANALYTICS | D6: Export CSV as Analytics Viewer | E6: On Analytics | F6: 1. Click Export CSV 2. Download Last 30 days | G6: Last 30 days | H6: CSV downloads successfully. | J6: Pass
A7: AV-006 | B7: Sign out | C7: ADM-AUTH | D7: Analytics Viewer signs out | E7: Analytics Viewer session | F7: 1. Account menu → Sign Out | G7: N/A | H7: Returns to sign-in. | J7: Pass

Sheet Screen Checklist
A1: Section | B1: Screen / dialog | C1: What to check | D1: Matches design? | E1: Controls all work? | F1: OK on ~375 px? | G1: Tester | H1: Remarks
A2: Overview | B2: Sign in — /admin/login | C2: Welcome back, Forgot password
A3: Overview | B3: First-time register — /admin/register | C3: Only if no Super Admin exists
A4: Overview | B4: Dashboard — /admin/dashboard | C4: Quick Actions, counts, activity
A5: Overview | B5: Edit Profile — /admin/profile | C5: Photo, name, change password
A6: Content | B6: Posts list — /admin/posts | C6: Create Post/Draft, table, Actions
A7: Content | B7: Create / Edit Post dialog | C7: Image, Title, Body CKEditor, Category, Comments
A8: Content | B8: View Post dialog | C8: Body HTML, Comments (delete), Ratings, Reactions
A9: Content | B9: Contests list — /admin/contests | C9: Type/status filters, Add Contest
A10: Content | B10: Add / Edit Contest dialog | C10: Category, dates, rules
A11: Content | B11: Contest submissions dialog | C11: Review entries
A12: Content | B12: IEC Materials — /admin/iec-materials | C12: Add, preview, edit, delete
A13: Services | B13: Rehab Centers — /admin/rehab-centers | C13: Map, Add Rehab Center
... A42: Shared | B42: Mobile ~375 px admin shell | C42: ☰ menu, card lists, tap targets
A44: Fill Matches design? / Controls all work? / OK on ~375 px? before sign-off. Add rows if a new admin screen is added.
